,track_name,artist(s)_name,artist_count,released_year,released_month,released_day,in_spotify_playlists,in_spotify_charts,streams,in_apple_playlists,in_apple_charts,in_deezer_playlists,in_deezer_charts,in_shazam_charts,bpm,key,mode,danceability_%,valence_%,energy_%,acousticness_%,instrumentalness_%,liveness_%,speechiness_%
0,Seven (feat. Latto) (Explicit Ver.),"Latto, Jung Kook",2,2023,7,14,553,147,141381703.0,43,263,45.0,10,826.0,125,B,Major,80,89,83,31,0,8,4
1,LALA,Myke Towers,1,2023,3,23,1474,48,133716286.0,48,126,58.0,14,382.0,92,C#,Major,71,61,74,7,0,10,4
3,Cruel Summer,Taylor Swift,1,2019,8,23,7858,100,800840817.0,116,207,125.0,12,548.0,170,A,Major,55,58,72,11,0,11,15
5,Sprinter,"Dave, Central Cee",2,2023,6,1,2186,91,183706234.0,67,213,88.0,17,946.0,141,C#,Major,92,66,58,19,0,8,24
6,Ella Baila Sola,"Eslabon Armado, Peso Pluma",2,2023,3,16,3090,50,725980112.0,34,222,43.0,13,418.0,148,F,Minor,67,83,76,48,0,8,3
9,La Bebe - Remix,"Peso Pluma, Yng Lvcas",2,2023,3,17,2953,44,553634067.0,49,110,66.0,13,339.0,170,D,Minor,81,56,48,21,0,8,33
10,un x100to,"Bad Bunny, Grupo Frontera",2,2023,4,17,2876,40,505671438.0,41,205,54.0,12,251.0,83,F#,Minor,57,56,72,23,0,27,5
11,Super Shy,NewJeans,1,2023,7,7,422,55,58255150.0,37,202,21.0,5,168.0,150,F,Minor,78,52,82,18,0,15,7
12,Flowers,Miley Cyrus,1,2023,1,12,12211,115,1316855716.0,300,215,745.0,58,,118,Unknown,Major,71,65,68,6,0,3,7
14,As It Was,Harry Styles,1,2022,3,31,23575,130,2513188493.0,403,198,863.0,46,,174,F#,Minor,52,66,73,34,0,31,6
16,Cupid - Twin Ver.,Fifty Fifty,1,2023,2,24,2942,77,496795686.0,91,212,78.0,6,0.0,120,B,Minor,78,76,59,43,0,34,3
18,Classy 101,"Feid, Young Miko",2,2023,3,31,2610,40,335222234.0,43,100,54.0,14,187.0,100,B,Major,86,67,66,14,0,12,16
20,LADY GAGA,"Gabito Ballesteros, Junior H, Peso Pluma",3,2023,6,22,332,26,86444842.0,11,163,10.0,4,0.0,140,F,Minor,65,87,74,22,0,42,4
21,I Can See You (Taylor   s Version) (From The ,Taylor Swift,1,2023,7,7,516,38,52135248.0,73,119,42.0,1,150.0,123,F#,Major,69,82,76,6,0,6,3
23,"Peso Pluma: Bzrp Music Sessions, Vol. 55","Bizarrap, Peso Pluma",2,2023,5,31,1313,40,200647221.0,17,152,32.0,11,139.0,133,F,Minor,85,81,67,26,0,12,5
24,Popular (with Playboi Carti & Madonna) - The Idol Vol. 1 (Music from the HBO Original Series),"The Weeknd, Madonna, Playboi Carti",3,2023,6,2,1945,87,115364561.0,74,182,87.0,14,,99,C#,Major,85,83,68,7,0,36,20
25,SABOR FRESA,Fuerza Regida,1,2023,6,22,250,26,78300654.0,16,149,10.0,5,168.0,130,G,Minor,79,96,86,9,0,9,9
26,Calm Down (with Selena Gomez),"R  ma, Selena G",2,2022,3,25,7112,77,899183384.0,202,119,318.0,38,96.0,107,B,Major,80,82,80,43,0,14,4
27,MOJABI GHOST,"Tainy, Bad Bunny",2,2023,6,29,859,40,61245289.0,35,109,41.0,14,211.0,122,F#,Minor,81,74,71,14,0,56,4
29,Dance The Night (From Barbie The Album),Dua Lipa,1,2023,5,25,2988,101,127408954.0,0,0,143.0,38,0.0,110,B,Minor,67,78,85,2,0,33,5
31,TULUM,"Peso Pluma, Grupo Frontera",2,2023,6,28,266,34,52294266.0,20,185,13.0,8,197.0,168,F#,Major,56,63,87,39,0,11,5
33,Anti-Hero,Taylor Swift,1,2022,10,21,9082,56,999748277.0,242,142,165.0,9,310.0,97,E,Major,64,51,63,12,0,19,5
35,Los del Espacio,"Big One, Duki, Lit Killah, Maria Becerra, FMK, Rusherking, Emilia, Tiago pzk",8,2023,6,1,1150,31,123122413.0,22,33,34.0,7,184.0,120,Unknown,Major,81,63,68,11,0,11,4
37,Blank Space,Taylor Swift,1,2014,1,1,11434,53,1355959075.0,154,123,410.0,2,81.0,96,F,Major,75,57,68,9,0,13,6
39,TQM,Fuerza Regida,1,2023,5,19,584,28,176553476.0,16,159,15.0,6,100.0,125,F,Minor,79,96,85,27,0,11,6
40,El Azul,"Junior H, Peso Pluma",2,2023,2,10,692,25,354495408.0,10,107,6.0,3,62.0,144,A,Minor,56,84,65,23,0,10,6
41,Sunflower - Spider-Man: Into the Spider-Verse,"Post Malone, Swae Lee",2,2018,10,9,24094,78,2808096550.0,372,117,843.0,4,69.0,90,D,Major,76,91,50,54,0,7,5
43,See You Again,"Tyler, The Creator, Kali Uchis",3,2017,7,21,13387,64,1047101291.0,77,58,247.0,1,311.0,79,F#,Major,56,58,56,37,0,11,10
44,Barbie World (with Aqua) [From Barbie The Album],"Nicki Minaj, Aqua, Ice Spice",3,2023,6,23,1117,80,65156199.0,82,145,65.0,16,,144,Unknown,Major,77,75,58,52,0,23,25
45,Angels Like You,Miley Cyrus,1,2020,11,27,3372,19,570515054.0,65,48,138.0,1,102.0,122,F,Major,67,49,64,10,0,10,3
46,I Ain't Worried,OneRepublic,1,2022,5,13,8431,76,1085685420.0,241,127,458.0,37,332.0,140,Unknown,Major,71,82,81,11,0,6,5
48,Starboy,"The Weeknd, Daft Punk",2,2016,9,21,29536,79,2565529693.0,281,137,0.0,1,140.0,186,G,Major,68,49,59,16,0,13,28
52,AMARGURA,Karol G,1,2023,2,24,1133,39,153372011.0,14,71,23.0,10,176.0,107,F#,Minor,92,55,70,18,0,15,7
53,(It Goes Like) Nanana - Edit,Peggy Gou,1,2023,6,15,2259,59,57876440.0,0,0,109.0,17,0.0,130,G,Minor,67,96,88,12,19,8,4
56,Moonlight,Kali Uchis,1,2023,2,24,2649,42,256483385.0,67,79,57.0,1,615.0,137,G,Minor,64,88,72,51,0,17,5
57,La Bachata,Manuel Turizo,1,2022,5,26,6804,45,1214083358.0,139,111,161.0,15,210.0,125,G,Minor,84,85,68,58,0,22,4
58,S91,Karol G,1,2023,7,14,525,41,16011326.0,34,115,39.0,6,216.0,128,Unknown,Minor,86,42,72,59,0,9,19
60,T  ,"dennis, MC Kevin o Chris",2,2023,5,4,731,15,111947664.0,27,17,73.0,4,167.0,130,B,Major,86,59,96,50,1,9,5
61,Boy's a liar Pt. 2,"PinkPantheress, Ice Spice",2,2023,2,3,5184,41,156338624.0,154,84,102.0,14,37.0,133,F,Major,70,86,81,25,0,25,5
62,Left and Right (Feat. Jung Kook of BTS),"Charlie Puth, BTS, Jung Kook",3,2022,6,24,3107,39,720434240.0,38,0,4.0,0,0.0,101,D,Major,88,72,59,62,0,9,3
64,Hey Mor,"Ozuna, Feid",2,2022,10,6,4637,38,674072710.0,63,79,89.0,11,16.0,98,C#,Minor,90,40,59,0,0,10,29
70,BABY HELLO,"Rauw Alejandro, Bizarrap",2,2023,6,23,1004,35,54266102.0,42,80,58.0,3,169.0,130,C#,Minor,77,84,89,17,0,43,5
71,Heat Waves,Glass Animals,1,2020,6,28,22543,63,2557975762.0,386,144,707.0,28,,81,B,Major,76,53,53,44,0,9,9
74,"Quevedo: Bzrp Music Sessions, Vol. 52","Bizarrap, Quevedo",2,2022,7,6,8506,45,1356565093.0,94,65,164.0,14,176.0,128,D,Major,62,55,78,1,3,23,4
78,Yandel 150,"Yandel, Feid",2,2022,12,20,3618,38,585695368.0,47,74,80.0,14,194.0,168,F#,Minor,78,58,73,5,0,10,7
85,El Merengue,"Marshmello, Manuel Turizo",2,2023,3,3,2114,44,223633238.0,80,75,110.0,11,323.0,124,G#,Minor,78,70,68,3,1,11,4
87,Me Porto Bonito,"Chencho Corleone, Bad Bunny",2,2022,5,6,8870,43,1440757818.0,104,120,141.0,26,49.0,92,C#,Minor,91,43,71,9,0,9,8
88,Makeba,Jain,1,2015,6,22,6060,53,165484133.0,150,148,0.0,22,,116,D,Major,82,40,66,39,51,25,7
89,MONTAGEM - FR PUNK,"Ayparia, unxbected",2,2012,6,20,641,50,58054811.0,1,52,8.0,0,,129,A,Major,63,84,82,70,8,9,7
90,Fast Car,Luke Combs,1,2023,3,24,1446,12,157058870.0,57,97,35.0,0,429.0,98,G#,Major,71,67,60,19,0,12,3
91,What It Is (Solo Version),Doechii,1,2023,3,17,804,25,95131998.0,29,76,24.0,0,162.0,172,C#,Minor,74,76,76,6,0,10,9
95,All My Life (feat. J. Cole),"J. Cole, Lil Durk",2,2023,5,12,2175,23,144565150.0,69,145,69.0,2,478.0,143,D#,Major,83,69,44,15,0,10,33
99,Take Two,BTS,1,2023,6,9,674,47,118482347.0,20,106,25.0,4,78.0,93,G,Major,62,57,59,3,0,38,3
104,New Jeans,NewJeans,1,2023,7,7,77,35,29562220.0,8,166,4.0,4,34.0,134,E,Minor,81,53,72,51,0,12,5
106,Cold Heart - PNAU Remix,"Dua Lipa, Elton John, Pnau",3,2017,11,10,21097,52,1605224506.0,384,135,0.0,37,312.0,116,C#,Major,80,92,80,4,0,10,3
108,Bones,Imagine Dragons,1,2021,3,11,4198,44,838079900.0,98,108,327.0,17,153.0,114,F,Minor,77,65,72,2,0,7,5
112,LAGUNAS,"Jasiel Nu  ez, Peso P",2,2023,6,22,58,18,39058561.0,2,106,4.0,2,184.0,116,B,Major,77,79,62,33,1,15,3
113,Mine (Taylor's Version),Taylor Swift,1,2023,7,7,99,15,36912123.0,21,52,6.0,1,0.0,121,G,Major,65,49,78,0,0,17,4
114,Everybody Wants To Rule The World,Tears For Fears,1,1985,2,17,41751,25,1205951614.0,101,32,0.0,0,666.0,112,G,Major,64,54,81,36,0,11,6
115,No Role Modelz,J. Cole,1,2014,12,9,21164,36,1791000570.0,80,65,476.0,0,14.0,100,A#,Minor,70,47,52,30,0,6,33
117,Rara Vez,"Taiu, Milo j",2,2023,2,8,893,38,248088961.0,19,23,24.0,3,88.0,120,F,Minor,84,96,71,18,0,34,17
118,VAGABUNDO,"Sebastian Yatra, Manuel Turizo, Be  ",3,2023,5,12,1094,34,90839753.0,40,58,47.0,8,203.0,127,B,Minor,82,89,85,4,0,23,6
120,LUNA,"Junior H, Peso Pluma",2,2023,6,22,201,11,55842345.0,19,117,8.0,1,74.0,128,A,Minor,75,79,63,33,0,15,4
122,Nonsense,Sabrina Carpenter,1,2022,7,15,2346,27,342897938.0,69,12,38.0,8,64.0,139,G#,Major,74,68,68,3,0,26,4
123,Que Vuelvas,"Carin Leon, Grupo Frontera",2,2022,12,9,763,26,2762.0,21,110,21.0,9,71.0,162,A#,Major,49,78,64,19,0,11,4
124,Por las Noches,Peso Pluma,1,2021,6,11,457,24,330346424.0,8,116,4.0,3,2.0,92,Unknown,Major,81,39,60,31,0,7,3
125,Feliz Cumplea  os Fe,Feid,1,2022,8,19,3430,38,601863821.0,45,69,52.0,4,3.0,95,F,Major,87,57,55,10,0,29,7
126,Can't Hold Us (feat. Ray Dalton),"Ray Dalton, Ryan Lewis, Macklemore",3,2011,8,16,6074,52,1953533826.0,201,44,0.0,2,0.0,146,D,Major,63,88,93,3,0,10,8
127,Watermelon Sugar,Harry Styles,1,2019,11,17,21915,34,2322580122.0,437,115,0.0,12,,95,Unknown,Major,55,56,82,12,0,34,5
129,"Rauw Alejandro: Bzrp Music Sessions, Vol. 56","Rauw Alejandro, Bizarrap",2,2023,6,21,871,32,66902503.0,25,59,32.0,5,88.0,128,B,Major,78,59,65,10,0,26,5
130,Queencard,(G)I-DLE,1,2023,5,15,451,33,96273746.0,10,126,7.0,0,148.0,130,E,Minor,82,69,83,3,0,27,5
131,OMG,NewJeans,1,2023,1,2,1783,27,430977451.0,26,124,15.0,1,22.0,127,A,Minor,80,74,77,36,0,11,4
133,"Shakira: Bzrp Music Sessions, Vol. 53","Shakira, Bizarrap",2,2023,1,11,5724,44,721975598.0,119,108,254.0,29,22.0,122,D,Minor,78,50,63,27,0,9,5
136,Trance (with Travis Scott & Young Thug),"Travis Scott, Young Thug, Metro Boomin",3,2022,12,2,1682,46,276259178.0,24,90,30.0,1,176.0,119,C#,Minor,75,48,53,18,0,18,34
137,"Tere Vaaste (From ""Zara Hatke Zara Bachke"")","Sachin-Jigar, Shadab Faridi, Altamash Faridi, Amitabh Bhattacharya, Varun Jain",5,2023,5,22,182,8,54225632.0,3,88,1.0,0,52.0,110,G,Minor,76,96,72,32,0,9,4
140,Believer,Imagine Dragons,1,2017,1,31,18986,23,2594040133.0,250,121,0.0,10,31.0,125,A#,Minor,77,74,78,4,0,23,11
142,"Gol Bolinha, Gol Quadrado 2","Mc Pedrinho, DJ 900",2,2023,6,1,293,8,11956641.0,5,2,30.0,2,66.0,133,B,Minor,93,68,65,42,0,12,25
143,Without Me,Eminem,1,2002,1,1,21081,43,1687664027.0,98,76,0.0,5,0.0,112,G,Major,92,67,66,0,0,36,9
144,QUEMA,"Sog, Ryan Castro, Peso Pluma",3,2023,7,13,437,31,11599388.0,17,29,26.0,3,208.0,97,Unknown,Major,79,92,89,5,0,6,5
149,El Gordo Trae El Mando,Chino Pacas,1,2023,1,27,539,21,255932395.0,7,71,4.0,2,13.0,140,G,Minor,74,96,80,18,0,5,5
150,Mi Bello Angel,Natanael Cano,1,2023,6,30,86,8,31873544.0,7,76,3.0,1,93.0,128,A,Minor,81,90,77,1,0,9,5
151,Bye,Peso Pluma,1,2023,5,26,324,14,95053634.0,13,110,8.0,2,60.0,122,Unknown,Major,78,70,81,57,0,10,5
152,Danza Kuduro,"Don Omar, Lucenzo",2,2010,1,1,17138,37,1279434863.0,119,81,974.0,1,503.0,130,Unknown,Major,47,86,92,8,0,5,24
153,Nosso Quadro,"Ana Castela, AgroPlay",2,2023,2,2,894,9,233801632.0,14,88,66.0,3,72.0,160,A,Major,69,61,71,33,0,31,20
154,Locked Out Of Heaven,Bruno Mars,1,2012,12,5,1622,9,1481349984.0,0,0,356.0,0,0.0,144,F,Major,73,87,70,6,0,28,5
155,Un Finde | CROSSOVER #2,"Big One, FMK, Ke personajes",3,2023,4,4,561,14,142095275.0,4,14,12.0,5,56.0,192,B,Major,50,85,52,11,0,28,6
157,Counting Stars,OneRepublic,1,2013,1,1,29215,43,2011464183.0,179,97,0.0,11,153.0,122,C#,Minor,66,48,71,6,0,12,4
160,PRC,"Natanael Cano, Peso Pluma",2,2023,1,23,961,26,436027885.0,19,143,10.0,6,15.0,138,G,Minor,78,89,83,10,0,12,5
161,Gasolina,Daddy Yankee,1,2004,7,13,6457,18,657723613.0,98,95,453.0,0,454.0,96,Unknown,Major,86,74,80,33,0,8,6
164,Save Your Tears,The Weeknd,1,2020,3,20,12688,13,1591223784.0,197,115,112.0,0,200.0,118,Unknown,Major,68,61,82,2,0,50,3
165,Sure Thing,Miguel,1,2010,5,25,13801,19,950906471.0,137,125,435.0,6,285.0,81,B,Minor,68,51,60,3,0,19,10
166,Every Breath You Take - Remastered 2003,The Police,1,1983,1,6,22439,19,1593270737.0,211,74,929.0,0,129.0,117,C#,Major,82,73,45,54,0,7,3
168,We Found Love,"Rihanna, Calvin Harris",2,2011,1,1,36843,21,1235005533.0,321,91,0.0,1,58.0,128,C#,Major,73,60,77,3,0,11,4
174,            ,YOASOBI,1,2023,4,12,356,16,143573775.0,35,102,8.0,1,117.0,166,C#,Major,57,84,94,11,0,37,9
176,Shake It Off,Taylor Swift,1,2014,1,1,21335,13,1113838873.0,328,70,0.0,9,20.0,160,G,Major,65,95,80,5,0,41,16
177,Why'd You Only Call Me When You're High?,Arctic Monkeys,1,2013,1,1,23389,29,1267333350.0,54,70,0.0,2,1.0,92,D,Major,70,81,63,4,0,8,4
179,Shape of You,Ed Sheeran,1,2017,1,6,32181,10,3562543890.0,33,0,0.0,7,0.0,96,C#,Minor,83,93,65,58,0,9,8
187,Circles,Post Malone,1,2019,8,30,19664,16,2132335812.0,391,73,633.0,3,37.0,120,Unknown,Major,70,59,75,24,0,9,4
190,Bebe Dame,"Fuerza Regida, Grupo Frontera",2,2022,12,16,849,22,367316268.0,27,129,21.0,7,111.0,157,G,Major,54,75,60,30,0,7,5
193,Better Than Revenge (Taylor's Version),Taylor Swift,1,2023,7,7,86,11,30343206.0,3,33,3.0,0,1.0,146,B,Minor,50,67,89,0,0,19,8
195,Have You Ever Seen The Rain?,Creedence Clearwater Revival,1,1968,7,1,15890,14,1145727611.0,71,37,653.0,0,167.0,116,Unknown,Major,74,76,70,7,0,13,3
196,Es un Secreto,Plan B,1,2010,7,20,492,36,540654286.0,4,3,19.0,0,0.0,95,F#,Minor,84,52,77,12,0,7,4
197,POLARIS - Remix,"Feid, Mora, Saiko, Quevedo",4,2023,6,8,773,33,57312735.0,20,46,21.0,8,99.0,170,G#,Minor,62,55,80,15,0,37,7
199,Take On Me,a-ha,1,1984,10,19,44927,17,1479115056.0,34,0,0.0,6,0.0,84,F#,Minor,57,86,90,2,0,9,5
203,AMG,"Natanael Cano, Gabito Ballesteros, Peso Pluma",3,2022,11,24,995,19,463564958.0,12,117,9.0,5,3.0,136,B,Minor,77,79,73,15,0,27,10
205,S-Class,Stray Kids,1,2023,6,2,290,19,65496046.0,9,101,5.0,0,73.0,105,F,Minor,89,67,78,9,0,7,33
207,Chanel,"Becky G, Peso Pluma",2,2023,3,30,681,10,161460990.0,15,92,21.0,2,26.0,132,D,Major,85,53,68,40,0,9,4
209,Area Codes,"Kaliii, Kaliii",2,2023,3,17,1197,13,113509496.0,44,34,25.0,1,171.0,155,C#,Major,82,51,39,2,0,9,49
211,Obsessed,"Abhijay Sharma, Riar Saab",2,2022,9,29,161,6,71007139.0,10,79,2.0,0,42.0,135,F,Minor,80,85,74,62,0,8,9
212,Pi  man De ,"Semicenk, Do  u ",2,2023,6,2,185,3,43522589.0,5,6,4.0,1,33.0,98,A#,Minor,73,45,62,28,0,13,13
213,FLOWER,JISOO,1,2023,3,31,839,18,232896922.0,20,110,20.0,0,69.0,124,A,Minor,84,64,39,3,0,11,4
215,Eyes Closed,Ed Sheeran,1,2023,3,23,2915,30,195576623.0,116,69,107.0,3,675.0,107,D,Major,78,39,53,30,0,11,6
217,La Jumpa,"Arcangel, Bad Bunny",2,2022,11,30,3794,34,538115192.0,47,77,53.0,10,8.0,123,G#,Major,71,58,70,30,0,32,19
219,Superhero (Heroes & Villains) [with Future & Chris Brown],"Future, Chris Brown, Metro Boomin",3,2022,12,2,2959,16,401036314.0,41,69,38.0,0,36.0,117,F,Minor,72,45,59,14,0,20,21
220,Las Morras,"BLESSD, Peso Pluma",2,2023,4,4,291,8,127026613.0,8,78,4.0,1,1.0,133,A,Minor,78,90,84,31,0,7,4
221,CHORRITO PA LAS ANIMAS,Feid,1,2022,12,2,2321,36,345031710.0,29,65,34.0,5,3.0,96,G#,Minor,74,61,83,11,0,35,6
222,Ch y la Pizza,"Fuerza Regida, Natanael Cano",2,2022,12,1,536,10,288101651.0,10,72,8.0,3,14.0,149,G#,Major,66,85,60,40,0,14,13
224,Players,Coi Leray,1,2022,11,30,4096,6,335074782.0,118,48,143.0,0,240.0,105,F#,Major,95,62,52,3,0,5,16
225,Bite Me,ENHYPEN,1,2023,5,22,349,69,76767396.0,8,96,5.0,0,56.0,105,C#,Major,80,69,78,28,0,11,14
226,Stand By Me (feat. Morgan Wallen),"Lil Durk, Morgan Wallen",2,2023,5,26,381,5,46065667.0,23,82,6.0,0,113.0,134,B,Major,76,61,58,6,0,16,3
227,Normal,Feid,1,2022,7,8,2461,36,459276435.0,47,66,45.0,5,6.0,170,E,Minor,71,59,56,4,0,27,12
229,Seu Brilho Sumiu - Ao Vivo,"Israel & Rodolffo, Mari Fernandez",2,2023,3,1,967,5,138517666.0,7,29,51.0,1,29.0,154,F#,Major,63,75,92,31,0,91,5
231,CUFF IT,Beyonc ,1,2022,7,29,7842,10,595900742.0,215,88,330.0,26,23.0,115,G,Major,78,64,69,4,0,7,14
233,69,"Nicky Jam, Feid",2,2023,5,18,1134,22,57945987.0,39,14,48.0,2,3.0,93,G#,Major,79,58,62,11,0,11,23
234,Ni  a Bo,"Sean Paul, Feid",2,2023,4,21,1305,34,115010040.0,29,26,43.0,5,44.0,91,G,Major,82,47,62,10,0,10,15
235,Search & Rescue,Drake,1,2023,4,7,2066,6,175097833.0,58,70,43.0,0,182.0,142,A#,Minor,82,54,44,6,0,33,7
238,"Link Up (Metro Boomin & Don Toliver, Wizkid feat. BEAM & Toian) - Spider-Verse Remix (Spider-Man: Across the Spider-Verse )","WizKid, Toian, Metro Boomin, Don Toliver, Beam",5,2023,6,2,197,0,32761689.0,3,10,3.0,0,0.0,101,F,Major,92,59,51,41,51,26,8
240,Erro Gostoso - Ao Vivo,Simone Mendes,1,2023,1,27,984,5,153454328.0,8,57,76.0,2,49.0,154,F#,Major,59,63,89,18,0,80,9
241,Cupido,Tini,1,2023,2,14,1240,24,217672943.0,51,29,63.0,4,54.0,120,A,Major,91,63,58,52,0,31,22
247,Cart  o B,"MC Caverinha, KayBlack",2,2023,5,11,269,4,71573339.0,7,2,30.0,1,11.0,108,A,Minor,84,55,47,26,0,20,64
250,The Real Slim Shady,Eminem,1,2000,1,1,20763,27,1424589568.0,81,53,0.0,1,17.0,104,F,Minor,95,78,66,3,0,4,6
251,MERCHO,"Migrantes, LiL CaKe, Nico Valdi",3,2022,12,16,1267,20,231332117.0,41,22,56.0,4,84.0,93,F#,Minor,84,96,79,43,0,18,11
254,Mejor Que Yo,"Mambo Kingz, DJ Luian, Anuel Aa",3,2023,5,4,675,1,50847624.0,9,13,11.0,0,1.0,178,C#,Minor,62,56,66,18,0,12,5
256,UNFORGIVEN (feat. Nile Rodgers),"Nile Rodgers, LE SSERAFIM",2,2023,5,1,327,13,92035115.0,14,110,9.0,0,49.0,104,E,Minor,80,38,88,11,0,11,5
257,Haegeum,Agust D,1,2023,4,21,244,12,118810253.0,6,84,10.0,2,9.0,85,G,Major,70,83,84,31,0,47,30
258,Conex  es de M  fia (feat. Rich ,"Rich The Kid, Matu ",2,2023,4,30,385,4,77233241.0,17,7,41.0,1,29.0,117,F#,Minor,77,69,58,39,0,26,5
261,X SI VOLVEMOS,"Karol G, Romeo Santos",2,2023,2,2,2127,33,266624541.0,45,80,53.0,8,4.0,178,C#,Minor,79,58,78,34,0,11,25
263,Cupid,Fifty Fifty,1,2023,2,24,526,10,139681964.0,15,93,30.0,0,320.0,120,D,Major,77,94,66,65,0,38,3
265,Cupid     Twin Ver. (FIFTY FIFTY)     Spe,sped up 8282,1,1997,1,1,472,2,103762518.0,0,0,6.0,0,0.0,144,F,Major,74,75,73,42,0,9,4
266,Shorty Party,"Cartel De Santa, La Kelly",2,2023,3,4,432,12,162887075.0,8,14,12.0,2,33.0,96,D,Major,93,47,47,33,0,10,36
268,Slut Me Out,NLE Choppa,1,2022,4,22,816,4,190490915.0,21,4,13.0,0,4.0,121,F#,Minor,94,71,61,12,0,53,42
272,Princess Diana (with Nicki Minaj),"Nicki Minaj, Ice Spice",2,2023,4,14,1444,4,104992946.0,0,0,0.0,0,0.0,148,A,Major,90,74,68,14,0,10,19
273,Di Que Si,"Grupo Marca Registrada, Grupo Frontera",2,2023,2,3,356,10,147290338.0,4,64,4.0,2,37.0,182,A,Major,57,80,59,8,0,6,5
274,Shivers,Ed Sheeran,1,2021,9,9,10147,30,1302184087.0,234,71,543.0,18,,141,D,Major,79,82,86,28,0,4,9
275,Igualito a Mi Ap ,"Fuerza Regida, Peso Pluma",2,2022,12,30,265,6,158950978.0,8,84,5.0,1,4.0,145,E,Minor,76,80,81,19,0,6,9
278,DESPECH ,ROSAL ,1,2022,7,28,7613,33,782369383.0,180,90,422.0,15,55.0,130,G,Major,92,78,62,18,0,6,10
279,Made You Look,Meghan Trainor,1,2022,10,21,3956,6,502574952.0,142,23,127.0,3,16.0,145,A#,Major,84,88,53,35,0,8,7
281,No Se Va,Grupo Frontera,1,2022,4,28,924,18,404887295.0,17,80,22.0,9,38.0,173,Unknown,Major,59,69,53,12,0,23,3
282,Punto G,Quevedo,1,2022,11,4,1985,35,381161027.0,34,26,37.0,5,1.0,92,B,Minor,75,55,76,25,0,10,15
283,Lovers Rock,TV Girl,1,2014,6,5,6339,13,466231982.0,3,1,36.0,1,37.0,105,F,Minor,56,57,87,0,1,10,4
286,En Paris,"El Chachito, Junior H",2,2022,12,24,406,5,198275403.0,3,31,2.0,1,0.0,139,D#,Minor,70,77,48,37,0,12,5
287,Set Me Free Pt.2,Jimin,1,2023,3,17,340,13,168448603.0,4,71,16.0,1,9.0,132,Unknown,Minor,59,56,82,12,0,12,6
290,Shut Down,BLACKPINK,1,2022,9,16,1524,17,482175240.0,53,120,62.0,0,2.0,110,Unknown,Major,82,67,69,0,0,18,4
291,Gato de Noche,"Nengo Flow, Bad Bunny",2,2022,12,22,2651,30,304118600.0,21,55,32.0,3,0.0,94,G#,Major,89,61,66,17,0,36,16
294,Rosa Pastel,"Jasiel Nu  ez, Peso P",2,2023,2,2,200,4,90025258.0,8,77,2.0,1,1.0,123,G,Minor,70,86,68,24,0,11,4
295,Sunroof,"Nicky Youre, Dazy",2,2021,12,3,3741,17,652704649.0,156,35,110.0,19,0.0,131,A#,Major,77,84,71,35,0,15,4
297,Superman,"Eminem, Dina Rae",2,2002,5,26,7615,14,655466831.0,18,51,0.0,0,0.0,130,E,Minor,80,64,76,2,0,20,6
298,Mas Rica Que Ayer,"Mambo Kingz, DJ Luian, Anuel Aa",3,2023,3,2,1208,34,146409671.0,10,41,20.0,0,1.0,94,B,Major,82,53,67,34,0,9,8
299,People Pt.2 (feat. IU),"IU, Agust D",2,2023,4,7,209,4,95816024.0,4,45,11.0,2,24.0,89,G,Minor,73,44,57,39,0,32,6
300,REMIX EXCLUSIVO,Feid,1,2023,3,17,1235,9,117206995.0,20,8,15.0,0,6.0,87,F,Minor,65,71,56,4,0,15,20
301,"Arc  ngel: Bzrp Music Sessions, Vol","Arcangel, Bizarrap",2,2023,3,22,654,3,100409613.0,11,3,18.0,1,1.0,124,B,Minor,72,79,78,55,0,15,30
302,DOGTOOTH,"Tyler, The Creator",2,2023,3,27,1479,0,80758350.0,23,0,18.0,0,33.0,78,G#,Major,71,80,65,51,0,22,32
303,10:35,"Ti  sto, Tate M",2,2022,11,1,4942,26,325592432.0,190,104,147.0,18,63.0,120,G#,Major,70,70,79,7,0,18,10
306,La Bebe,Yng Lvcas,1,2021,12,24,489,17,191945597.0,4,11,5.0,1,2.0,170,D,Minor,78,75,46,62,0,12,35
308,Late Night Talking,Harry Styles,1,2022,5,20,7461,8,743693613.0,166,42,199.0,16,58.0,115,A#,Major,71,90,73,30,0,11,5
309,Le ,Mar  lia Mendo,1,2022,12,9,993,4,267789608.0,30,84,88.0,1,28.0,130,F#,Major,74,79,87,45,0,30,3
310,Save Your Tears (with Ariana Grande) (Remix),"Ariana Grande, The Weeknd",2,2020,3,20,9161,5,1221813483.0,240,98,468.0,3,10.0,118,Unknown,Major,65,63,79,3,0,10,3
313,Dijeron Que No La Iba Lograr,"Fuerza Regida, Chino Pacas",2,2023,3,14,320,6,116334601.0,5,48,2.0,1,9.0,142,G,Minor,70,76,79,26,0,11,7
315,If We Ever Broke Up,Mae Stephens,1,2023,2,10,2040,4,165584767.0,81,27,66.0,9,444.0,116,G,Major,90,96,73,62,0,9,4
316,You Proof,Morgan Wallen,1,2022,5,13,2128,9,367814306.0,37,88,9.0,0,14.0,120,A,Major,73,64,85,25,0,61,3
317,LA INOCENTE,"Feid, Mora",2,2022,4,1,2598,37,477033549.0,28,57,43.0,8,85.0,92,F,Minor,76,46,79,31,0,7,6
318,Malas Decisiones,Kenia OS,1,2022,10,26,542,2,156214700.0,23,2,21.0,0,0.0,110,G#,Minor,81,64,79,5,0,31,3
319,Murder In My Mind,Kordhell,1,2022,1,21,2459,20,448843705.0,20,68,50.0,0,22.0,120,A#,Major,71,57,97,1,0,13,11
321,CAIRO,"Karol G, Ovy On The Drums",2,2022,11,13,2418,26,294352144.0,52,66,55.0,1,16.0,115,F,Minor,95,43,69,47,0,9,31
323,Dark Red,Steve Lacy,1,2017,2,20,10431,7,920045682.0,71,53,181.0,0,10.0,172,F#,Major,60,77,78,45,0,12,6
328,Marisola - Remix,"Duki, NICKI NICOLE, Cris Mj, Standly, Stars Music Chile",5,2022,12,15,1845,16,223582566.0,20,8,30.0,2,0.0,95,C#,Major,77,72,87,17,0,7,5
329,LOKERA,"Brray, Rauw Alejandro, Lyanno",3,2022,7,25,3301,30,471819764.0,72,64,64.0,6,3.0,102,B,Minor,83,58,83,21,0,10,5
333,on the street (with J. Cole),"j-hope, J. Cole",2,2023,3,3,615,2,116599790.0,22,82,8.0,0,9.0,94,B,Minor,68,81,82,53,0,9,13
334,One Thing At A Time,Morgan Wallen,1,2022,12,2,811,4,148469433.0,11,58,5.0,0,21.0,142,G,Major,61,92,91,0,0,26,3
336,Ain   t Tha,Morgan Wallen,1,2023,3,3,356,4,88791109.0,4,20,0.0,0,0.0,121,F#,Minor,64,67,80,0,0,36,3
337,Thinkin    B,Morgan Wallen,1,2023,3,3,604,6,125917280.0,22,101,0.0,0,66.0,140,D#,Minor,66,43,76,49,0,12,3
338,Private Landing (feat. Justin Bieber & Future),"Don Toliver, Future, Justin Bieber",3,2023,2,23,1190,0,105062254.0,29,3,18.0,0,19.0,137,C#,Minor,84,44,67,8,0,11,6
339,Everything I Love,Morgan Wallen,1,2023,1,31,579,0,95623148.0,11,54,0.0,0,103.0,104,G#,Major,56,72,85,0,0,15,3
340,Heaven,Niall Horan,1,2023,2,17,1553,2,144584800.0,61,6,48.0,0,150.0,92,F,Major,57,68,76,7,0,33,3
343,I Wrote The Book,Morgan Wallen,1,2023,1,31,430,0,83021468.0,15,17,0.0,0,0.0,144,D,Major,68,83,81,9,0,8,4
345,SPIT IN MY FACE!,ThxSoMch,1,2022,10,31,629,14,303216294.0,32,3,9.0,0,0.0,94,G#,Major,73,65,79,5,2,11,6
346,PLAYA DEL INGL ,"Myke Towers, Quevedo",2,2022,12,15,1701,15,221409663.0,30,15,34.0,2,47.0,113,G,Minor,79,66,74,8,0,11,5
351,PERO T ,"Karol G, Quevedo",2,2023,2,23,387,11,93438910.0,11,15,14.0,3,1.0,140,F#,Major,86,68,79,39,0,11,29
352,Hype Boy,NewJeans,1,2022,8,1,892,17,363472647.0,20,119,12.0,2,7.0,100,E,Minor,59,78,94,27,0,29,23
354,Monoton ,"Ozuna, Shakira",2,2022,10,19,3645,15,380726517.0,118,34,150.0,4,19.0,132,Unknown,Minor,87,82,70,42,0,21,5
356,WANDA,Quevedo,1,2023,1,20,888,22,175399345.0,11,24,7.0,1,7.0,176,E,Minor,72,96,63,25,0,21,7
359,Zona De Perigo,Leo Santana,1,2022,12,8,531,4,134294498.0,20,1,71.0,2,0.0,135,F,Major,81,97,77,75,0,35,3
360,Lovezinho,Treyce,1,2022,7,28,242,0,70069745.0,12,2,13.0,0,4.0,128,E,Minor,82,61,59,30,0,12,4
361,I Like You (A Happier Song) (with Doja Cat),"Post Malone, Doja Cat",2,2022,6,3,5281,14,609293408.0,94,21,80.0,15,38.0,101,F,Major,74,43,69,12,0,12,7
362,Neverita,Bad Bunny,1,2022,5,6,2590,30,671365962.0,20,64,35.0,6,0.0,122,A#,Major,88,43,50,7,0,14,5
365,Enemy (with JID) - from the series Arcane League of Legends,"Imagine Dragons, League of Legends, JID, Arcane",4,2021,9,3,6180,7,1223481149.0,122,88,580.0,21,10.0,77,B,Minor,72,59,76,24,0,42,28
367,Bombonzinho - Ao Vivo,"Israel & Rodolffo, Ana Castela",2,2022,11,3,1254,6,263453310.0,26,69,73.0,2,6.0,158,C#,Major,65,72,95,31,0,92,5
368,LA CANCI ,"J Balvin, Bad Bunny",2,2019,6,28,6398,31,1435127549.0,177,109,305.0,3,5.0,176,G,Major,75,43,65,15,0,11,32
369,Qu   Ago,"Yuridia, Angela Aguilar",2,2022,10,20,660,15,236857112.0,19,59,18.0,5,52.0,98,B,Major,73,88,57,56,0,5,2
372,About Damn Time,Lizzo,1,2022,7,15,2332,2,723894473.0,0,0,25.0,0,0.0,109,A#,Minor,84,72,74,10,0,34,7
373,Born With A Beer In My Hand,Morgan Wallen,1,2023,3,3,203,0,34450974.0,5,9,0.0,0,0.0,148,Unknown,Major,53,61,81,5,0,36,4
374,                     ,Fujii Kaze,1,2020,5,20,685,14,403097450.0,24,94,9.0,0,23.0,158,F#,Minor,60,52,76,17,0,19,5
375,Besos Moja2,"Wisin & Yandel, ROSAL ",2,2022,9,29,2460,13,309483971.0,53,7,56.0,3,1.0,94,F,Minor,74,64,73,6,0,10,6
380,LLYLM,ROSAL ,1,2023,1,27,1838,0,124988687.0,105,41,114.0,1,59.0,170,F#,Minor,56,56,63,13,0,19,27
381,I'm Not Here To Make Friends,"Sam Smith, Calvin Harris, Jessie Reyez",3,2023,1,27,1890,0,103787664.0,86,1,49.0,0,9.0,115,Unknown,Major,70,84,90,17,0,41,6
383,ANTIFRAGILE,LE SSERAFIM,1,2022,10,17,761,12,301051721.0,23,95,11.0,0,3.0,105,A#,Minor,88,82,80,8,0,11,8
384,Boy's a liar,PinkPantheress,1,2022,11,30,1225,0,156338624.0,27,0,28.0,13,0.0,133,F,Major,66,74,84,25,0,21,4
385,VIBE (feat. Jimin of BTS),"TAEYANG, Jimin",2,2023,1,13,415,2,152850295.0,15,40,21.0,1,15.0,100,Unknown,Major,79,60,68,7,0,26,4
386,Shirt,SZA,1,2022,10,28,3469,0,309653982.0,71,95,31.0,0,2.0,120,D#,Minor,82,55,45,15,3,9,10
390,Boy With Luv (feat. Halsey),"Halsey, BTS",2,2019,4,12,4260,0,1065580332.0,113,92,259.0,0,1.0,120,B,Minor,65,80,86,9,0,19,10
391,"Hey, Mickey!",Baby Tate,1,2016,9,27,482,0,122763672.0,9,1,12.0,4,3.0,135,D,Major,92,73,51,55,0,15,6
392,Calm Down,R  ,1,2022,2,9,4013,10,445763624.0,107,44,750.0,22,,107,B,Major,81,82,78,38,0,12,4
393,Jhoome Jo Pathaan,"Arijit Singh, Vishal Dadlani, Sukriti Kakar, Vishal-Shekhar, Shekhar Ravjiani, Kumaar",6,2022,12,22,138,4,1365184.0,13,78,2.0,0,0.0,105,G,Major,82,62,74,10,0,33,7
395,Space Song,Beach House,1,2015,1,1,17852,4,789753877.0,69,76,335.0,0,,147,Unknown,Minor,51,62,79,22,13,14,3
397,Te Felicito,"Shakira, Rauw Alejandro",2,2022,4,21,4796,9,606361689.0,124,66,212.0,13,1.0,174,F,Major,70,57,64,23,0,8,32
398,Mu  ,"Steve Aoki, Tini, La Joaqui",3,2023,1,12,658,6,120972253.0,33,7,53.0,2,0.0,90,A#,Minor,68,83,71,3,0,31,8
402,"Besharam Rang (From ""Pathaan"")","Vishal-Shekhar, Shilpa Rao, Caralisa Monteiro, Kumaar, Vishal Dadlani, Shekhar Ravjiani",6,2022,12,12,130,4,140187018.0,21,79,2.0,0,0.0,116,G#,Minor,77,65,80,6,0,15,4
403,One Kiss (with Dua Lipa),"Calvin Harris, Dua Lipa",2,2017,6,2,27705,10,1897517891.0,537,122,0.0,6,,124,A,Minor,79,59,86,4,0,8,11
404,Sugar Rush Ride,TOMORROW X TOGETHER,1,2023,1,27,359,0,107642809.0,12,56,13.0,0,13.0,125,A#,Minor,71,83,89,1,0,17,9
405,Pink Venom,BLACKPINK,1,2022,8,19,1963,16,551305895.0,57,119,77.0,1,13.0,90,Unknown,Major,80,71,69,2,0,27,10
407,Don't Start Now,Dua Lipa,1,2019,10,31,27119,0,2303033973.0,532,77,0.0,3,8.0,124,B,Minor,79,68,79,1,0,10,8
409,Eu Gosto Assim - Ao Vivo,"Gustavo Mioto, Mari Fernandez",2,2022,9,16,1473,4,222612678.0,27,64,66.0,1,4.0,154,Unknown,Major,64,61,91,15,0,72,4
410,INDUSTRY BABY (feat. Jack Harlow),"Jack Harlow, Lil Nas X",2,2021,7,23,13315,0,1814349763.0,300,47,690.0,0,,150,D#,Minor,74,89,70,2,0,5,6
414,Evoque Prata,"DJ Escobar, MC MENOR SG, MC MENOR HR",3,2022,9,9,852,0,174006928.0,14,1,50.0,0,0.0,87,G,Major,87,52,52,31,0,28,24
418,Doja,Central Cee,1,2022,7,20,4169,44,482257456.0,57,44,183.0,1,11.0,140,F#,Major,91,97,57,38,0,40,29
419,Gatita,Bellakath,1,2022,10,3,1054,0,168684524.0,9,0,15.0,0,1.0,101,G,Major,90,76,81,15,24,33,6
423,Super Freaky Girl,Nicki Minaj,1,2022,8,12,4827,0,428685680.0,104,17,76.0,9,2.0,133,D,Major,95,91,89,6,0,31,24
426,Limbo,Freddie Dredd,1,2022,8,11,688,0,199386237.0,14,1,17.0,0,2.0,75,B,Minor,80,46,62,3,6,11,46
429,Bad Habits,Ed Sheeran,1,2020,9,3,12755,8,1555511105.0,344,97,945.0,15,,126,B,Minor,81,59,90,5,0,36,3
433,Levitating (feat. DaBaby),"Dua Lipa, DaBaby",2,2020,3,27,15894,8,1802514301.0,198,13,544.0,0,60.0,103,F#,Minor,70,92,83,1,0,7,6
434,Woman,Doja Cat,1,2021,6,25,9424,0,1329090101.0,202,50,463.0,4,,108,F,Minor,82,88,76,9,0,12,9
436,Ferrari,"James Hype, Miggy Dela Rosa",2,2022,3,14,7758,28,462791599.0,173,79,175.0,0,168.0,125,C#,Minor,84,70,69,1,0,5,5
439,Agudo M  gi,"Styrx, utku INC, Thezth",3,1930,1,1,323,0,90598517.0,4,0,14.0,0,0.0,130,F#,Minor,65,49,80,22,4,7,5
440,Payphone,"Maroon 5, Wiz Khalifa",2,2012,1,1,14143,4,1479264469.0,56,38,0.0,1,,110,E,Major,74,51,74,2,0,29,4
442,Last Christmas,Wham!,1,1984,1,1,22153,0,1159176109.0,274,111,0.0,0,,107,B,Minor,74,88,65,28,0,46,3
450,Underneath the Tree,Kelly Clarkson,1,2013,10,25,6596,0,485285717.0,144,99,251.0,0,0.0,160,G#,Major,51,69,81,0,0,21,5
451,Feliz Navidad,Jos   Felic,1,1970,11,1,3788,0,520034544.0,21,3,10.0,0,0.0,148,D,Major,50,96,82,47,0,34,4
453,Mistletoe,Justin Bieber,1,2011,1,1,9577,0,629173063.0,195,111,310.0,0,0.0,162,F#,Minor,67,88,54,51,0,9,4
454,Sleigh Ride,The Ronettes,1,1963,11,22,10114,0,404664135.0,114,74,262.0,0,0.0,92,D,Major,53,84,77,40,0,32,3
458,Used (feat. Don Toliver),"SZA, Don Toliver",2,2022,12,8,1042,0,94005786.0,7,29,3.0,0,0.0,150,A#,Minor,73,71,69,53,0,32,9
461,Wonderful Christmastime - Edited Version / Remastered 2011,Paul McCartney,1,1979,11,16,1685,0,403939487.0,1,0,29.0,0,0.0,95,B,Major,75,74,58,36,0,9,3
465,Merry Christmas Everyone,Shakin' Stevens,1,1984,1,1,1087,0,351636786.0,90,35,5.0,0,0.0,101,C#,Minor,72,91,87,14,0,13,3
470,Driving Home for Christmas - 2019 Remaster,Chris Rea,1,1986,1,1,888,0,429504768.0,50,0,6.0,0,0.0,180,A,Major,51,87,58,36,0,18,4
474,Notice Me,SZA,1,2022,12,9,819,0,62019074.0,14,22,0.0,0,0.0,160,F,Major,72,78,68,28,0,11,12
475,Merry Christmas,"Ed Sheeran, Elton John",2,2017,11,10,2209,0,135723538.0,72,90,141.0,0,0.0,114,Unknown,Major,59,60,94,24,0,10,4
477,My Only Wish (This Year),Britney Spears,1,2000,11,7,6952,0,261116938.0,115,53,286.0,0,0.0,147,Unknown,Major,67,69,72,17,0,19,3
478,Antidepresan,"Mabel Matiz, Mert Demir",2,2022,11,4,313,2,136689549.0,10,6,7.0,1,9.0,100,B,Minor,70,92,59,3,0,10,3
482,SPIT IN MY FACE!,ThxSoMch,1,2022,10,31,573,0,301869854.0,1,0,18.0,0,24.0,166,C#,Major,70,57,57,9,20,11,7
485,Conceited,SZA,1,2022,12,9,899,0,56870689.0,2,14,2.0,0,0.0,150,C#,Major,79,77,46,5,0,11,7
488,Tubar  o Te,"Dj LK da Esc  cia, Tchakabum, mc jhenny, M",4,2022,9,28,1003,0,116144341.0,21,0,44.0,0,0.0,130,E,Minor,89,48,74,30,0,7,36
490,Tarot,"Bad Bunny, Jhay Cortez",2,2022,5,6,2482,20,608228647.0,27,77,22.0,2,0.0,114,B,Minor,80,42,68,2,0,66,4
491,You Make It Feel Like Christmas (feat. Blake Shelton),"Gwen Stefani, Blake Shelton",2,2005,9,20,2577,0,180577478.0,108,56,30.0,0,0.0,93,F,Major,63,93,88,1,0,12,4
492,Desesperados,"Chencho Corleone, Rauw Alejandro",2,2021,6,25,6821,34,809306935.0,83,58,128.0,7,0.0,90,C#,Minor,87,51,69,36,0,9,8
494,Party,"Bad Bunny, Rauw Alejandro",2,2022,5,6,3185,4,614555082.0,38,64,37.0,3,36.0,97,A,Major,83,47,80,2,0,24,9
495,Run Rudolph Run - Single Version,Chuck Berry,1,1958,1,1,8612,0,245350949.0,120,30,52.0,0,1.0,152,G,Minor,69,94,71,79,0,7,8
501,Sacrifice,The Weeknd,1,2022,1,7,4440,0,326792833.0,81,77,133.0,0,,122,G,Major,70,91,79,3,0,7,10
502,Is There Someone Else?,The Weeknd,1,2022,1,7,2881,6,391251368.0,13,89,34.0,0,3.0,135,A,Minor,70,60,58,4,0,16,3
504,Out of Time,The Weeknd,1,2022,1,7,3711,0,339659802.0,49,88,62.0,0,,93,Unknown,Minor,65,82,74,27,0,32,5
505,Do It To It,"Cherish, ACRAZE",2,2021,8,20,12403,0,674772936.0,183,63,465.0,0,11.0,125,B,Minor,85,64,81,2,5,7,9
506,We Don't Talk About Bruno,"Adassa, Mauro Castillo, Stephanie Beatriz, Encanto - Cast, Rhenzy Feliz, Diane Guerrero, Carolina Gaitan",7,2021,11,19,2785,0,432719968.0,95,89,44.0,0,,206,Unknown,Minor,58,83,45,36,0,11,8
507,Pepas,Farruko,1,2021,6,24,14114,17,1309887447.0,252,109,965.0,20,,130,G,Major,76,44,77,1,0,13,3
508,How Do I Make You Love Me?,The Weeknd,1,2022,1,7,1915,0,119238316.0,7,47,15.0,0,0.0,121,G,Minor,80,62,51,2,0,9,8
510,Infinity,Jaymes Young,1,2017,6,23,4375,0,888046992.0,24,0,396.0,0,0.0,122,B,Minor,67,50,67,15,0,30,4
513,good 4 u,Olivia Rodrigo,1,2021,5,14,15563,6,1887039593.0,259,55,461.0,1,,166,F#,Minor,56,68,66,28,0,11,18
516,Kiss Me More (feat. SZA),"SZA, Doja Cat",2,2021,4,9,15867,0,1575467011.0,382,65,497.0,0,12.0,111,G#,Major,77,74,66,30,0,13,3
517,I Heard You're Married (feat. Lil Wayne),"The Weeknd, Lil Wayne",2,2022,1,7,1178,0,91656026.0,9,10,9.0,0,0.0,110,D,Major,75,85,84,10,0,31,19
519,MONTERO (Call Me By Your Name),Lil Nas X,1,2020,9,18,12329,0,1735441776.0,275,19,738.0,0,,179,G#,Minor,61,76,51,30,0,38,15
520,love nwantiti (ah ah ah),Ckay,1,2019,7,26,5669,2,726837877.0,74,0,262.0,14,,93,F,Minor,74,53,73,61,0,13,4
524,THATS WHAT I WANT,Lil Nas X,1,2021,9,17,7963,0,920797189.0,173,7,298.0,0,4.0,88,C#,Minor,74,55,85,1,0,5,22
525,One Right Now (with The Weeknd),"The Weeknd, Post Malone",2,2021,11,5,4771,0,539595276.0,68,18,75.0,0,1.0,97,C#,Major,68,72,78,4,0,7,5
526,Beggin,M  ne,1,2017,12,8,8559,0,1367810478.0,183,64,964.0,9,75.0,134,B,Minor,71,59,80,13,0,36,5
529,MONEY,Lisa,1,2021,9,10,2566,13,863625566.0,44,109,131.0,0,,140,C#,Minor,83,40,55,16,0,14,23
530,The Motto,"Ti  sto, Ava",2,2021,11,4,9151,6,656013912.0,240,107,268.0,0,5.0,118,G,Minor,75,46,76,3,0,9,4
536,Malvad  ,"Xam  , Gustah, Neo B",3,2021,11,30,648,1,240684449.0,14,3,81.0,0,0.0,133,F#,Minor,82,52,61,38,0,14,27
539,Oh My God,Adele,1,2021,11,19,4431,0,466214729.0,105,7,199.0,0,0.0,88,C#,Major,53,55,73,9,0,3,5
540,Entre Nosotros (Remix) [con Nicki Nicole],"Lit Killah, Maria Becerra, Tiago pzk, NICKI NICOLE",4,2022,1,5,759,3,236940480.0,32,0,12.0,0,0.0,170,F,Minor,70,61,44,40,0,37,4
543,Medallo,"Justin Quiles, Lenny Tav  rez, BL",3,2021,10,27,2780,2,393230256.0,54,21,57.0,1,0.0,90,E,Minor,79,79,70,57,0,66,8
547,Volv ,"Aventura, Bad Bunny",2,2021,8,3,5375,10,673801126.0,138,24,133.0,0,1.0,176,C#,Major,73,79,86,42,0,7,18
548,Todo De Ti,Rauw Alejandro,1,2020,11,2,11975,8,1168642797.0,188,75,268.0,6,16.0,128,D#,Minor,81,57,63,40,1,10,4
550,Smokin Out The Window,"Bruno Mars, Anderson .Paak, Silk Sonic",3,2021,11,5,4963,0,383550148.0,63,40,76.0,0,0.0,82,D,Major,63,85,62,6,0,35,4
553,Tacones Rojos,Sebastian Yatra,1,2021,10,22,3047,9,510876816.0,77,31,85.0,5,28.0,123,B,Minor,75,93,86,8,0,14,3
554,Peaches (feat. Daniel Caesar & Giveon),"Justin Bieber, Daniel Caesar, Giveon",3,2021,3,19,14140,0,1445941661.0,231,52,612.0,6,,90,Unknown,Major,63,49,68,38,0,42,18
556,"Tiago PZK: Bzrp Music Sessions, Vol. 48","Bizarrap, Tiago pzk",2,2021,12,29,1678,12,374191487.0,20,4,15.0,1,3.0,96,C#,Minor,66,76,82,47,0,10,32
557,L   ,Stromae,1,2022,1,9,2035,0,108809090.0,41,122,394.0,0,2.0,88,D,Minor,56,58,55,35,0,23,11
558,Nost  l,"Chris Brown, Rvssian, Rauw Alejandro",3,2021,9,8,2780,2,436695353.0,86,76,59.0,0,16.0,98,A,Minor,73,60,85,17,0,24,5
559,Better Days (NEIKED x Mae Muller x Polo G),"NEIKED, Mae Muller, Polo G",3,2021,9,24,4091,0,421040617.0,105,2,73.0,13,1.0,110,Unknown,Minor,72,67,68,0,0,14,4
560,Life Goes On,Oliver Tree,1,2020,7,17,2868,0,501541661.0,43,15,116.0,0,,80,Unknown,Major,70,57,49,19,0,12,8
562,Butter,BTS,1,2021,5,21,4779,6,1143647827.0,180,135,223.0,0,5.0,110,G#,Major,79,70,36,0,0,6,11
563,pushin P (feat. Young Thug),"Young Thug, Future, Gunna",3,2022,1,7,3517,0,311395144.0,54,28,43.0,0,0.0,78,C#,Minor,77,49,42,1,1,13,19
564,You Right,"Doja Cat, The Weeknd",2,2021,6,24,5073,0,672656250.0,83,9,100.0,0,4.0,129,G#,Major,83,44,62,2,0,8,6
566,Dynamite,BTS,1,2020,8,21,8528,5,1692897992.0,239,163,583.0,0,,114,F#,Minor,75,74,77,1,0,9,10
569,Salimo de Noche,"Trueno, Tiago pzk",2,2021,10,21,1057,0,261414174.0,17,5,21.0,0,0.0,84,D,Major,67,78,63,29,0,12,5
570,Volando - Remix,"Sech, Bad Bunny, Mora",3,2021,7,8,3272,19,610045621.0,101,34,70.0,1,2.0,154,F#,Major,66,63,69,21,0,11,7
571,Leave The Door Open,"Bruno Mars, Anderson .Paak, Silk Sonic",3,2021,3,5,14417,0,1115880852.0,237,123,569.0,0,10.0,148,F,Major,59,72,62,18,0,9,3
573,Don't Be Shy,"Ti  sto, Kar",2,2021,8,1,6026,0,566954746.0,171,51,187.0,1,21.0,120,B,Minor,77,51,79,20,0,26,6
575,The Family Madrigal,"Olga Merediz, Stephanie Beatriz, Encanto - Cast",3,2021,11,19,1150,0,184937148.0,20,38,12.0,0,0.0,141,C#,Major,59,56,63,12,0,6,36
579,Acapulco,Jason Derulo,1,2021,9,1,3098,0,363467642.0,111,5,182.0,1,0.0,122,A#,Major,77,51,79,5,0,16,5
582,ELEVEN,IVE,1,2021,12,1,521,1,247737946.0,17,89,11.0,0,0.0,120,A,Major,83,59,73,6,0,5,11
583,Mood (feat. Iann Dior),"24kgoldn, Iann Dior",2,2020,7,24,12854,0,1699402402.0,237,27,636.0,0,,91,G,Minor,70,76,72,22,0,27,4
584,What Else Can I Do?,"Stephanie Beatriz, Diane Guerrero",2,2021,11,19,802,0,154797871.0,13,27,8.0,0,0.0,120,E,Major,72,54,71,26,0,10,4
585,DANCE CRIP,Trueno,1,2021,11,17,731,0,198883004.0,14,14,24.0,0,4.0,106,Unknown,Major,86,86,79,11,0,8,9
589,Get Into It (Yuh),Doja Cat,1,2021,6,25,4999,0,516784627.0,43,19,73.0,12,0.0,92,G#,Minor,91,79,66,32,0,9,16
591,Sky,Playboi Carti,1,2020,12,25,3297,3,506778838.0,25,3,52.0,0,1.0,140,D,Major,79,56,91,26,0,13,21
592,Rolling in the Deep,Adele,1,2010,11,29,35684,6,1472799873.0,195,125,0.0,2,78.0,105,G#,Major,73,52,76,13,0,5,3
593,Sobrio,Maluma,1,2021,7,8,3506,10,513643924.0,103,76,100.0,1,1.0,178,F,Major,76,63,77,14,0,15,22
594,Peru,"Ed Sheeran, Fireboy DML",2,2021,12,23,2999,0,261286503.0,60,17,154.0,0,22.0,108,G,Minor,96,71,42,57,0,8,9
598,positions,Ariana Grande,1,2020,10,23,8207,0,1252563873.0,175,55,95.0,0,2.0,144,Unknown,Major,73,66,80,44,0,9,12
599,I WANNA BE YOUR SLAVE,M  ne,1,2021,3,19,4873,0,851070493.0,65,88,434.0,3,13.0,133,C#,Major,75,96,61,0,0,18,4
600,Vai L   Em Casa ,"Mar  lia Mendon  a, George Henrique &",2,2021,10,22,772,0,263894529.0,7,3,89.0,0,0.0,158,G#,Minor,46,62,83,53,0,97,28
601,The Feels,TWICE,1,2021,10,1,1150,0,345903614.0,20,99,44.0,0,2.0,120,A,Major,81,92,90,9,0,8,7
603,No Lie,"Sean Paul, Dua Lipa",2,2016,11,18,7370,0,956865266.0,92,127,0.0,0,62.0,102,G,Major,74,45,89,5,0,26,13
604,OUT OUT (feat. Charli XCX & Saweetie),"Charli XCX, Jax Jones, Joel Corry, Saweetie",4,2021,8,13,6890,0,427486004.0,122,11,201.0,0,1.0,124,G#,Minor,79,79,84,2,0,5,5
606,2055,Sleepy hallow,1,2021,4,14,2226,0,624515457.0,29,0,44.0,0,0.0,161,F#,Minor,78,65,52,46,0,12,31
609,Astronaut In The Ocean,Masked Wolf,1,2019,1,1,7191,0,1138474110.0,146,18,478.0,0,7.0,150,E,Minor,78,47,70,18,0,15,9
610,Ley Seca,"Anuel Aa, Jhay Cortez",2,2021,9,2,2012,0,355219175.0,101,12,38.0,0,0.0,105,G#,Major,76,58,84,10,0,13,10
611,Every Summertime,NIKI,1,2021,8,10,1211,2,290228626.0,30,2,5.0,0,6.0,79,F#,Major,63,76,67,38,0,6,4
614,The Nights,Avicii,1,2014,1,1,17354,8,1456081449.0,92,122,0.0,0,55.0,126,F#,Major,53,66,85,2,0,24,4
615,Take My Breath,The Weeknd,1,2021,8,6,6392,0,432702334.0,174,73,344.0,0,0.0,121,G#,Major,75,53,74,2,0,11,5
618,Enemy - from the series Arcane League of Legends,"Imagine Dragons, League of Legends, Arcane",3,2021,10,27,824,0,1223481149.0,8,8,8.0,2,0.0,77,G,Major,73,54,74,23,0,41,23
621,Qu   M  ,"J Balvin, Maria Becerra",2,2021,1,28,8087,0,720825549.0,92,34,131.0,0,0.0,102,G#,Major,89,77,82,3,0,17,11
623,Smells Like Teen Spirit - Remastered 2021,Nirvana,1,1991,9,10,49991,9,1690192927.0,265,121,0.0,4,160.0,117,C#,Major,52,73,91,0,0,11,7
626,Bar,"Tini, L-Gante",2,2021,11,11,755,4,200972675.0,22,3,0.0,0,0.0,94,C#,Major,52,68,69,13,0,33,8
627,The Rumbling (TV Size),SiM,1,2022,1,10,254,0,71014967.0,0,4,23.0,0,0.0,145,G#,Major,41,65,88,0,0,26,5
631,AM Remix,"J Balvin, Nio Garcia, Bad Bunny",3,2021,6,24,6556,0,528544703.0,93,5,67.0,1,0.0,172,F#,Minor,74,79,66,11,0,8,16
634,Polaroid Love,ENHYPEN,1,2022,1,10,461,0,211372494.0,10,56,17.0,0,0.0,138,G,Minor,74,65,67,46,0,36,4
635,Leave Before You Love Me (with Jonas Brothers),"Marshmello, Jonas Brothers",2,2021,4,28,4893,4,651732901.0,143,24,110.0,0,70.0,120,G,Major,72,67,72,0,0,13,4
636,Permission to Dance,BTS,1,2021,7,9,1801,2,608334048.0,77,134,74.0,0,2.0,125,A,Major,70,65,74,1,0,34,4
637,Friday (feat. Mufasa & Hypeman) - Dopamine Re-Edit,"Riton, Nightcrawlers, Mufasa & Hypeman, Dopamine",4,2021,1,15,12043,0,863756573.0,209,54,710.0,0,18.0,123,D,Major,82,80,86,1,0,30,13
638,RAPSTAR,Polo G,1,2021,4,9,4731,0,797402345.0,141,12,78.0,0,0.0,81,F#,Major,79,44,54,41,0,13,24
641,Se Le Ve,"Arcangel, De La Ghetto, Justin Quiles, Lenny Tav  rez, Sech, Dalex, Dimelo Flow, Rich Music",8,2021,8,12,1560,0,223319934.0,72,0,0.0,0,0.0,84,G,Minor,56,61,76,10,0,14,11
642,25k jacket (feat. Lil Baby),"Gunna, Lil Baby",2,2022,1,7,620,0,54937991.0,17,3,3.0,0,0.0,115,F,Minor,90,74,54,16,0,13,28
643,When I   m Gone (with Katy ,"Katy Perry, Alesso",2,2021,12,29,3270,0,226897599.0,89,21,65.0,0,0.0,125,Unknown,Major,69,70,89,4,0,49,3
644,Esque  a-Me Se For C,"Mar  lia Mendon  a, Maiara &",2,2021,10,14,580,0,258316038.0,24,92,93.0,0,0.0,122,F#,Minor,80,62,69,28,0,13,7
645,Mi  n,"Tini, Maria Becerra",2,2021,4,29,3406,16,596152090.0,61,23,70.0,1,0.0,92,D,Major,85,92,54,16,0,29,7
646,S  ,"Anuel Aa, Myke Towers, Jhay Cortez",3,2021,11,18,903,0,177129919.0,30,26,15.0,0,0.0,90,F#,Minor,63,75,75,17,0,11,8
647,MAMIII,"Karol G, Becky G",2,2022,2,10,6809,28,716591492.0,151,102,175.0,5,29.0,94,E,Minor,84,90,70,9,0,14,8
648,Still D.R.E.,"Dr. Dre, Snoop Dogg",2,1999,1,1,33966,0,1210599487.0,141,78,0.0,1,0.0,93,B,Major,81,53,78,18,0,6,24
652,The Next Episode,"Dr. Dre, Snoop Dogg",2,1999,1,1,31762,0,843309044.0,142,40,0.0,1,953.0,95,D#,Minor,92,31,89,3,0,8,25
653,Light Switch,Charlie Puth,1,2022,1,19,4049,0,500340342.0,119,6,85.0,1,1.0,184,F#,Major,69,91,63,11,0,9,31
656,Lost,Frank Ocean,1,2012,1,1,29499,11,822239726.0,124,27,587.0,0,4.0,123,A#,Minor,91,49,61,3,0,17,22
657,In Da Club,50 Cent,1,2002,1,1,30427,7,1202722675.0,235,106,0.0,1,35.0,90,F#,Minor,90,79,71,26,0,7,37
658,she's all i wanna be,Tate McRae,1,2022,2,4,2711,0,343197054.0,105,12,51.0,0,12.0,160,D,Minor,61,65,64,1,0,12,4
664,Excuses,"Intense, AP Dhillon, Gurinder Gill",3,2020,7,24,272,4,327498031.0,7,21,2.0,0,0.0,95,F,Minor,84,49,72,8,0,15,8
666,"Cay   La Noche (feat. Cruz Cafun  , Abhir Hathi, Bejo, EL IMA)","Quevedo, La Pantera, Juseph, Cruz Cafun  , B  jo, Abhir Hathi",7,2022,1,14,1034,1,245400167.0,19,5,12.0,0,0.0,174,F,Minor,67,74,75,44,0,7,30
667,California Love - Original Version (Explicit),"Dr. Dre, 2Pac, Roger",3,1995,12,28,18773,0,579395142.0,128,17,0.0,0,0.0,92,G,Major,77,76,84,3,0,38,4
668,Forgot About Dre,"Eminem, Dr. Dre",2,1999,1,1,19067,0,675039469.0,78,15,0.0,0,3.0,134,G#,Major,93,61,74,9,0,17,8
670,Mujeriego,Ryan Castro,1,2021,12,17,1492,0,231996128.0,44,63,91.0,0,24.0,80,A,Major,76,92,62,6,0,8,13
671,HUMBLE.,Kendrick Lamar,1,2017,3,30,33206,1,1929770265.0,284,114,0.0,0,5.0,150,C#,Minor,91,42,60,0,0,9,12
672,Stan,"Eminem, Dido",2,1999,11,21,17115,0,918915401.0,83,63,0.0,0,0.0,80,F#,Minor,78,53,74,4,0,45,21
673,Contection,"GODZZ__-, Zakaria",2,2020,1,16,6955,0,1180896317.0,65,45,398.0,0,1.0,166,A#,Minor,81,83,75,14,0,29,34
675,A Tu Merced,Bad Bunny,1,2020,2,29,4214,11,685071800.0,21,20,40.0,0,0.0,92,Unknown,Major,86,89,79,17,0,11,6
676,Numb Little Bug,Em Beihold,1,2022,1,28,2026,0,258714692.0,47,3,42.0,12,6.0,85,G#,Minor,74,61,52,30,0,26,9
677,212,"Mainstreet, Chefin",2,2022,1,15,352,0,143139338.0,10,0,39.0,0,0.0,154,D,Minor,79,86,52,66,0,9,7
679,Bussin,"Nicki Minaj, Lil Baby",2,2022,2,11,847,0,64714573.0,25,0,14.0,0,0.0,140,B,Major,89,75,70,6,0,13,5
680,Worst Day,Future,1,2022,2,11,910,0,50746620.0,20,3,24.0,0,0.0,89,C#,Major,65,60,60,11,0,10,40
681,Malvada,Z   Fe,1,2022,1,28,601,0,154119539.0,28,73,64.0,0,0.0,135,F,Minor,89,89,86,16,0,8,5
684,Thinking Out Loud,Ed Sheeran,1,2014,1,1,33032,0,2280566092.0,363,129,0.0,0,28.0,79,D,Major,78,58,45,47,0,18,3
687,Mal Feito - Ao Vivo,"Mar  lia Mendon  a, Hugo & G",2,2022,1,14,971,2,291709698.0,35,104,93.0,1,0.0,124,Unknown,Minor,73,68,83,55,0,90,7
689,Do We Have A Problem?,"Nicki Minaj, Lil Baby",2,2022,2,4,1064,0,81350745.0,42,1,26.0,0,0.0,120,C#,Minor,84,54,51,47,0,12,40
691,Gospel (with Eminem),"Eminem, Dr. Dre",2,2022,2,4,1040,0,64787943.0,8,0,29.0,0,0.0,117,C#,Major,92,62,86,11,0,24,24
692,Se  o,"Shawn Mendes, Camila Cabello",2,2019,6,19,15010,2,2484812918.0,453,50,0.0,1,8.0,117,A,Minor,76,77,52,4,0,8,3
694,Adore You,Harry Styles,1,2019,12,6,13454,1,1439191367.0,246,71,519.0,2,5.0,99,G#,Major,68,57,77,2,0,10,5
695,La Santa,"Daddy Yankee, Bad Bunny",2,2020,2,29,4890,20,759208783.0,52,42,100.0,0,0.0,93,C#,Major,74,59,87,3,0,8,5
697,Sweetest Pie,"Dua Lipa, Megan Thee Stallion",2,2022,3,11,3501,0,299634472.0,69,2,51.0,11,0.0,124,G,Major,81,68,63,17,0,10,22
698,Bam Bam (feat. Ed Sheeran),"Camila Cabello, Ed Sheeran",2,2022,3,4,6111,4,756907987.0,185,40,492.0,9,35.0,95,G#,Major,76,96,70,18,0,33,4
699,Una Noche en Medell ,Cris Mj,1,2022,1,21,5415,32,682475162.0,46,16,53.0,1,2.0,96,A#,Minor,87,82,53,10,0,5,8
700,Envolver,Anitta,1,2021,11,11,4673,2,546191065.0,123,113,180.0,1,4.0,92,E,Minor,81,40,73,15,0,9,8
701,Starlight,Dave,1,2022,3,3,1856,3,229473310.0,29,40,31.0,1,1.0,124,G,Major,95,36,37,35,0,10,28
704,DAN  A,"Mc Pedrinho, Pedro Sampaio",2,2022,2,1,911,2,208166039.0,45,0,99.0,1,1.0,135,A,Minor,78,55,57,4,0,10,8
705,Yo Voy (feat. Daddy Yankee),Zion & Lennox,1,2004,5,4,2954,2,527033089.0,18,82,0.0,0,5.0,95,A#,Major,81,56,70,4,0,5,24
706,"Residente: Bzrp Music Sessions, Vol. 49","Residente, Bizarrap",2,2022,3,3,461,0,94616487.0,7,11,13.0,0,0.0,71,C#,Minor,59,70,74,56,0,11,40
707,Jordan,Ryan Castro,1,2021,4,30,2844,2,394030335.0,29,2,35.0,1,0.0,180,A#,Minor,80,71,68,6,0,10,37
709,Chale,Eden Mu  ,1,2022,2,18,695,11,299648208.0,16,41,13.0,1,1.0,189,G#,Major,55,86,44,40,0,7,4
710,DARARI,Treasure,1,2022,2,15,328,0,182978249.0,10,21,7.0,0,9.0,85,Unknown,Major,72,55,64,49,0,7,4
711,Ya No Somos Ni Seremos,Christian Nodal,1,2022,2,18,866,16,319757142.0,27,84,32.0,7,11.0,140,G,Major,59,73,45,44,0,34,3
712,Thinking with My Dick,"Kevin Gates, Juicy J",2,2013,7,16,1550,0,109091573.0,0,0,14.0,0,0.0,81,Unknown,Major,77,68,70,6,0,17,20
715,La Zona,Bad Bunny,1,2020,2,29,1188,0,312622938.0,13,1,15.0,0,1.0,94,C#,Minor,76,81,80,20,0,25,4
718,Levitating,Dua Lipa,1,2020,3,27,9833,0,797196073.0,233,82,531.0,1,1.0,103,F#,Minor,69,90,88,5,0,29,8
719,Wake Me Up - Radio Edit,Avicii,1,2013,1,1,50887,34,1970673297.0,315,160,0.0,1,46.0,124,D,Major,53,66,78,0,0,16,5
720,"jealousy, jealousy",Olivia Rodrigo,1,2021,5,21,3257,0,665765558.0,10,0,70.0,0,0.0,164,A#,Minor,70,71,58,24,0,7,13
724,Closer,"The Chainsmokers, Halsey",2,2016,5,31,28032,0,2591224264.0,315,159,0.0,0,44.0,95,G#,Major,75,64,52,41,0,11,3
726,Somebody That I Used To Know,"Gotye, Kimbra",2,2011,1,1,42798,0,1457139296.0,217,136,0.0,1,,129,Unknown,Major,86,75,52,54,0,10,4
729,Plan A,Paulo Londra,1,2022,3,23,1105,0,240661097.0,32,0,19.0,0,0.0,174,Unknown,Major,58,56,83,5,0,7,4
731,X   LTIMA,"Daddy Yankee, Bad Bunny",2,2022,3,25,2697,1,349746291.0,55,3,32.0,0,0.0,90,G,Major,81,59,83,9,0,11,5
732,When You're Gone,Shawn Mendes,1,2022,3,31,2092,0,255120451.0,75,11,44.0,0,14.0,147,F,Major,60,58,69,2,0,58,4
734,Wait a Minute!,Willow,1,2015,1,11,11985,0,924193303.0,79,80,250.0,3,10.0,101,D#,Minor,76,63,71,3,0,10,3
735,LOVE DIVE,IVE,1,2022,4,5,753,8,305771063.0,28,124,13.0,0,1.0,118,C#,Minor,70,54,71,0,0,33,4
736,Pantysito,"Feid, Alejo, Robi",3,2022,3,18,2995,0,273005485.0,49,17,30.0,0,0.0,98,G,Minor,83,63,74,14,0,16,6
741,Vampiro,"Matu  , Wiu, ",3,2022,1,30,540,4,187772591.0,26,3,39.0,0,0.0,115,G#,Minor,78,63,64,1,0,7,4
742,Si Quieren Frontear,"De La Ghetto, Duki, Quevedo",3,2022,3,31,859,0,178512385.0,14,0,11.0,0,0.0,82,A#,Major,79,48,84,13,0,21,23
744,Me Arrepent ,"Ak4:20, Cris Mj, Pailita",3,2022,3,30,273,2,118381354.0,12,2,4.0,0,0.0,92,Unknown,Major,86,91,79,29,0,60,16
746,Soy El Unico,Yahritza Y Su Esencia,1,2022,3,25,226,0,126443991.0,5,0,4.0,0,1.0,84,E,Minor,71,63,45,45,0,11,3
747,RUMBAT ,Daddy Yankee,1,2022,3,25,1264,0,157990698.0,20,4,52.0,0,1.0,95,D#,Minor,69,90,91,6,0,35,4
748,sentaDONA (Remix) s2,"Lu  sa Sonza, MC Frog, Dj Gabriel do Borel, Davi K",4,2022,3,17,870,0,176290831.0,32,0,49.0,0,0.0,135,D#,Minor,93,77,45,25,0,13,27
750,Sigue,"Ed Sheeran, J Balvin",2,1996,11,24,1370,0,106933107.0,46,8,60.0,0,0.0,88,G,Major,89,59,64,5,0,19,7
752,MANIAC,Stray Kids,1,2022,3,18,651,0,212234990.0,6,188,20.0,0,0.0,120,C#,Major,58,71,80,15,0,7,41
753,There's Nothing Holdin' Me Back,Shawn Mendes,1,2016,9,23,12382,0,1714490998.0,229,57,0.0,2,71.0,122,D,Major,86,97,80,36,0,9,6
754,IDGAF (with blackbear),"Blackbear, BoyWithUke",2,2022,3,18,625,0,197643795.0,10,2,13.0,0,1.0,98,F,Major,78,83,75,41,0,27,8
756,Get Lucky - Radio Edit,"Pharrell Williams, Nile Rodgers, Daft Punk",3,2013,1,1,52898,0,933815613.0,203,1,0.0,0,0.0,116,F#,Minor,79,87,81,4,0,10,4
757,Ain't Shit,Doja Cat,1,2021,6,25,3436,0,499710590.0,32,6,46.0,0,1.0,124,D#,Major,86,62,49,51,0,35,21
758,"Nobody Like U - From ""Turning Red""","Jordan Fisher, Josh Levi, Finneas O'Connell, 4*TOWN (From Disney and Pixar   s Turning Red), Topher Ngo, Grayson Vill",6,2022,2,25,918,0,120847157.0,34,39,30.0,0,0.0,105,A,Minor,91,73,72,13,0,9,15
762,N95,Kendrick Lamar,1,2022,5,13,5542,0,301242089.0,52,16,65.0,0,206.0,140,D#,Minor,81,39,66,38,0,12,14
763,About Damn Time,Lizzo,1,2022,4,14,9021,0,723894473.0,242,49,272.0,21,24.0,109,A#,Minor,84,72,74,10,0,34,7
764,Die Hard,"Kendrick Lamar, Blxst, Amanda Reifer",3,2022,5,13,4627,0,237351106.0,38,13,32.0,0,0.0,101,C#,Minor,78,40,74,36,0,17,27
765,Despu  s de la P,Bad Bunny,1,2022,5,6,2229,0,461558540.0,27,44,24.0,0,5.0,78,F,Major,56,61,90,36,0,18,31
768,Father Time (feat. Sampha),"Kendrick Lamar, Sampha",2,2022,5,13,3107,0,127309180.0,4,0,22.0,0,0.0,153,A#,Minor,55,50,78,19,0,11,35
769,Yo No Soy Celoso,Bad Bunny,1,2022,5,6,1179,0,313113297.0,7,21,11.0,0,0.0,142,Unknown,Major,87,93,59,28,0,17,5
770,Rich Spirit,Kendrick Lamar,1,2022,5,13,3486,0,173702135.0,20,10,33.0,0,0.0,96,A#,Minor,85,41,43,39,0,12,21
772,Me Fui de Vacaciones,Bad Bunny,1,2022,5,6,1443,0,305650299.0,9,11,22.0,1,0.0,85,A#,Major,71,43,65,23,0,9,5
773,Silent Hill,"Kendrick Lamar, Kodak Black",2,2022,5,13,3028,0,123216717.0,22,0,23.0,0,0.0,140,C#,Minor,92,78,57,46,0,14,9
774,La Corriente,"Tony Dize, Bad Bunny",2,2022,5,6,1796,8,479655659.0,8,25,18.0,1,0.0,196,B,Minor,66,58,79,23,0,22,20
777,Dos Mil 16,Bad Bunny,1,2022,5,6,892,3,338422004.0,10,24,11.0,0,0.0,130,C#,Major,82,50,67,12,0,13,5
778,We Cry Together,"Kendrick Lamar, Taylour Paige",2,2022,5,13,1635,0,68895644.0,4,1,6.0,0,0.0,108,B,Major,65,52,69,31,0,8,36
779,Savior,"Kendrick Lamar, Sam Dew, Baby Keem",3,2022,5,13,2291,0,86176890.0,9,0,8.0,0,0.0,123,G#,Major,61,66,71,53,0,32,46
780,Un Coco,Bad Bunny,1,2022,5,6,1029,28,403231558.0,5,28,9.0,0,0.0,152,B,Major,84,74,69,21,0,18,6
783,Aguacero,Bad Bunny,1,2022,5,6,829,0,283359161.0,4,15,10.0,0,0.0,121,F#,Minor,86,67,65,42,0,35,7
784,Purple Hearts,"Kendrick Lamar, Ghostface Killah, Summer Walker",3,2022,5,13,2308,0,76831876.0,7,0,7.0,0,0.0,138,D#,Minor,57,71,82,19,0,15,29
787,Ens    ame ,Bad Bunny,1,2022,5,6,1112,3,279737940.0,7,25,12.0,0,0.0,105,G#,Major,81,77,79,19,0,47,8
788,El Apag ,Bad Bunny,1,2022,5,6,1209,0,212351890.0,9,7,14.0,0,1.0,118,G#,Major,63,60,70,5,0,9,31
790,Dua Lipa,Jack Harlow,1,2022,5,6,1992,0,150500965.0,35,0,3.0,0,0.0,158,B,Major,83,41,65,0,10,11,8
791,Agosto,Bad Bunny,1,2022,5,6,897,0,246127838.0,6,20,8.0,0,0.0,115,C#,Minor,85,72,58,9,0,49,12
794,That That (prod. & feat. SUGA of BTS),"PSY, Suga",2,2022,4,29,802,0,212109195.0,16,81,23.0,0,0.0,130,E,Major,91,91,96,3,0,3,9
797,SUPERMODEL,M  ne,1,2022,5,13,2265,0,231657891.0,93,12,173.0,11,3.0,121,G,Major,64,80,88,0,0,12,6
804,Beautiful Girl,Luciano,1,2022,4,22,710,4,160035717.0,16,11,18.0,0,0.0,140,B,Minor,84,61,42,31,0,9,9
807,Pasoori,"Shae Gill, Ali Sethi",2,2022,2,6,349,6,284249832.0,10,22,3.0,0,0.0,92,B,Minor,71,67,60,7,0,6,4
809,TUS L  GR,"Sech, Mora",2,2022,4,1,1308,2,184622518.0,23,16,9.0,0,5.0,174,C#,Major,68,45,71,18,0,11,25
810,Where Did You Go?,"MNEK, Jax Jones",2,2022,1,26,4531,0,300983101.0,135,74,119.0,1,18.0,127,A#,Major,77,53,78,19,0,29,4
812,Honest (feat. Don Toliver),"Justin Bieber, Don Toliver",2,2022,4,29,1351,0,106919680.0,26,1,17.0,0,0.0,150,G#,Minor,82,82,66,13,0,11,6
813,ZOOM,Jessi,1,2022,4,13,608,0,136996305.0,5,29,14.0,0,0.0,100,F#,Major,87,46,60,1,0,13,16
814,SloMo,Chanel,1,2021,12,24,1211,0,65719930.0,31,0,19.0,0,2.0,105,C#,Minor,73,59,81,13,0,9,6
815,FEARLESS,LE SSERAFIM,1,2022,5,2,629,0,229497852.0,18,75,9.0,0,0.0,104,G,Major,86,43,62,5,0,13,14
820,The Heart Part 5,Kendrick Lamar,1,2022,5,8,2939,0,71423324.0,29,0,30.0,0,0.0,98,G#,Minor,76,79,81,18,0,6,34
825,Yet To Come,BTS,1,2022,6,10,829,0,302006641.0,32,110,26.0,0,0.0,172,C#,Major,56,68,89,4,0,33,19
826,Run BTS,BTS,1,2022,6,10,736,0,330881149.0,5,132,17.0,0,3.0,77,G#,Major,72,70,82,2,0,4,17
830,Daylight,Harry Styles,1,2022,5,20,2775,0,290833204.0,21,11,40.0,0,0.0,146,Unknown,Major,69,63,45,48,0,18,4
831,Vegas (From the Original Motion Picture Soundtrack ELVIS),Doja Cat,1,2022,5,6,4576,0,448500832.0,79,13,93.0,0,17.0,160,G#,Minor,80,74,60,8,0,14,26
833,Potion (with Dua Lipa & Young Thug),"Calvin Harris, Dua Lipa, Young Thug",3,2022,5,27,3983,0,190625045.0,73,45,119.0,0,0.0,100,B,Minor,82,76,70,16,0,8,5
834,Born Singer,BTS,1,2022,6,10,279,0,79095270.0,0,18,6.0,0,0.0,158,G#,Minor,60,68,84,4,0,24,11
836,La Llevo Al Cielo (Ft.   engo F,"Nengo Flow, Anuel Aa, Chris Jedi, Chencho Corleone",4,2022,5,20,3559,3,333146475.0,36,1,31.0,0,1.0,170,A,Minor,80,77,85,11,0,17,14
839,Pass The Dutchie,Musical Youth,1,1982,1,1,5328,0,195918494.0,54,76,900.0,0,0.0,151,G,Major,73,88,67,20,0,32,5
840,"Villano Antillano: Bzrp Music Sessions, Vol. 51","Bizarrap, Villano Antillano",2,2022,6,8,1401,0,248511839.0,26,16,17.0,0,1.0,128,C#,Minor,82,42,75,6,0,63,6
842,Grapejuice,Harry Styles,1,2022,5,20,1986,0,199587884.0,7,1,15.0,0,0.0,183,F,Major,65,88,72,36,14,20,3
844,Belly Dancer,"BYOR, Imanbek",2,2022,2,18,5115,13,383835984.0,109,38,301.0,1,33.0,122,C#,Major,85,42,80,6,0,17,14
845,Keep Driving,Harry Styles,1,2022,5,20,2094,1,236060709.0,8,1,18.0,0,0.0,165,A,Major,72,90,48,32,0,18,23
846,Cinema,Harry Styles,1,2022,5,20,2171,0,189236868.0,18,1,28.0,0,0.0,106,A,Minor,83,90,64,35,5,9,4
850,Daydreaming,Harry Styles,1,2022,5,20,1900,1,187703102.0,15,1,23.0,0,0.0,114,E,Minor,71,90,81,31,2,13,3
851,Numb,"Marshmello, Khalid",2,2022,6,10,3879,2,295307001.0,107,76,86.0,1,9.0,120,Unknown,Minor,91,63,77,12,1,10,5
852,Nos Comemos (feat. Ozuna),"Ozuna, Tiago pzk",2,2022,6,2,896,0,138334433.0,0,0,2.0,0,0.0,92,F#,Major,83,56,82,10,0,9,5
856,Antes de Perderte,Duki,1,2022,6,2,584,8,157136970.0,12,1,8.0,0,1.0,110,F,Minor,81,61,93,49,0,12,11
858,295,Sidhu Moose Wala,1,2021,5,15,246,4,183273246.0,4,106,0.0,0,7.0,90,B,Minor,68,54,76,21,0,11,20
860,En El Radio Un Cochinero,Victor Cibrian,1,2022,5,13,514,0,164856284.0,5,36,1.0,0,0.0,154,F#,Minor,70,97,62,47,0,10,4
861,Master of Puppets (Remastered),Metallica,1,1986,3,3,6080,0,704171068.0,112,198,406.0,1,0.0,105,E,Minor,54,59,83,0,44,20,4
862,BREAK MY SOUL,Beyonc ,1,2022,6,21,9724,0,354614964.0,222,61,259.0,14,2.0,115,C#,Minor,70,87,88,4,0,26,8
863,ULTRA SOLO REMIX,"De La Ghetto, Feid, Polima WestCoast, Paloma Mami, Pailita",5,2022,6,16,2341,0,279717388.0,37,2,38.0,2,0.0,110,C#,Major,91,59,82,8,0,6,8
865,Betty (Get Money),Yung Gravy,1,2022,6,10,2402,0,221752937.0,45,2,26.0,0,1.0,102,C#,Major,73,62,75,0,0,34,8
866,Ojos Marrones,Lasso,1,2022,2,6,795,11,263280370.0,26,18,15.0,1,4.0,120,G#,Minor,81,72,65,4,0,14,4
867,POP!,Nayeon,1,2022,6,24,571,0,213505179.0,19,21,14.0,0,2.0,97,D,Major,80,36,86,4,0,3,5
870,Sweet Child O' Mine,Guns N' Roses,1,1987,1,1,41231,1,1553497987.0,228,151,0.0,3,99.0,125,F#,Major,45,67,90,9,11,10,5
871,Last Last,Burna Boy,1,2022,5,12,4526,12,293466523.0,156,275,150.0,3,128.0,88,D#,Minor,80,55,56,13,0,8,9
874,Hot Shit (feat. Ye & Lil Durk),"Kanye West, Lil Durk, Cardi B",3,2022,7,1,1601,0,85924992.0,11,0,2.0,0,0.0,157,A,Major,88,52,69,0,0,8,23
875,Ai Preto,"L7nnon, DJ Biel do Furduncinho, Bianca",3,2022,6,3,894,4,176103902.0,28,0,54.0,0,0.0,130,F#,Major,95,83,57,54,0,10,25
876,La Loto,"Anitta, Tini, Becky G",3,2022,7,6,945,0,121189256.0,49,3,57.0,0,0.0,90,C#,Major,85,80,83,10,0,8,11
878,Afraid To Feel,LF System,1,2022,5,2,5898,5,244790012.0,129,55,128.0,0,101.0,128,C#,Major,58,68,91,2,0,27,11
879,Baile no Morro,"Mc Vitin Da Igrejinha, MC Tairon, DJ Win",3,2022,6,10,685,2,129314708.0,17,0,24.0,0,30.0,130,D#,Minor,71,78,40,46,0,7,45
880,c  mo dormi,Rels B,1,2022,8,4,1452,35,331511413.0,16,15,20.0,0,0.0,126,C#,Major,63,56,43,24,0,12,23
881,Bad Decisions (with BTS & Snoop Dogg),"Snoop Dogg, BTS, Benny Blanco",3,2022,8,5,1456,0,219196651.0,53,2,33.0,0,0.0,120,Unknown,Major,77,94,87,2,0,23,12
883,Caile,Luar La L,1,2020,12,18,1494,2,273914335.0,17,12,15.0,0,0.0,122,Unknown,Major,70,46,76,30,0,9,45
884,Si Te La Encuentras Por Ah ,Feid,1,2022,8,5,1379,4,179061440.0,23,10,18.0,0,0.0,172,G#,Minor,74,46,58,15,0,13,8
888,Attention,NewJeans,1,2022,8,1,799,12,264717480.0,14,141,9.0,0,1.0,105,A#,Minor,81,70,65,24,0,8,4
889,THE SHADE,Rex Orange County,1,2022,3,11,1189,6,244928911.0,17,10,16.0,0,4.0,120,F,Major,90,73,51,39,0,9,6
891,El Rescate,"Grupo Marca Registrada, Junior H",2,2022,7,22,527,4,287278853.0,10,43,3.0,1,0.0,99,G,Minor,79,64,59,28,0,11,14
892,Heartless,Kanye West,1,2008,1,1,17504,34,887906111.0,63,39,0.0,0,2.0,88,A#,Minor,79,66,65,5,0,25,14
893,"Stay With Me (with Justin Timberlake, Halsey, & Pharrell)","Calvin Harris, Halsey, Pharrell Williams, Justin Timberlake",4,2022,7,15,3113,0,123473120.0,54,6,124.0,1,0.0,126,A,Major,81,90,73,28,0,29,4
894,Siempre Pendientes,"Peso Pluma, Luis R Conriquez",2,2022,8,15,685,5,295152154.0,15,79,4.0,2,0.0,136,Unknown,Major,77,71,75,33,1,13,4
895,JGL,"Luis R Conriquez, La Adictiva",2,2022,2,18,782,9,323455692.0,15,33,6.0,1,0.0,113,G#,Major,70,97,59,55,0,27,12
896,Don't You Worry,"David Guetta, Shakira, Black Eyed Peas",3,2022,6,16,2442,0,240918092.0,81,4,248.0,1,6.0,132,B,Major,82,49,88,20,0,21,3
897,Pipoco,"Melody, Ana Castela, Dj Chris No Beat",3,2022,5,20,1112,4,191873381.0,22,2,65.0,1,3.0,135,G#,Major,77,74,74,47,0,34,8
898,Hold Me Closer,"Elton John, Britney Spears",2,2017,11,10,4967,0,284216603.0,165,10,177.0,4,73.0,126,Unknown,Major,67,49,77,11,0,19,11
899,Forget Me,Lewis Capaldi,1,2022,9,9,2520,4,239411309.0,93,95,84.0,9,202.0,102,C#,Minor,67,72,74,30,0,36,4
900,After LIKE,IVE,1,2022,8,22,767,12,265548837.0,20,129,11.0,0,12.0,125,Unknown,Major,68,80,92,10,0,9,12
902,B.O.T.A. (Baddest Of Them All) - Edit,"Interplanetary Criminal, Eliza Rose",2,2022,6,15,5153,6,244585109.0,102,53,113.0,12,0.0,137,Unknown,Major,74,71,89,24,61,15,5
903,Talk that Talk,TWICE,1,2022,8,26,615,0,189476119.0,14,77,15.0,1,2.0,120,D#,Minor,77,78,91,14,0,33,12
904,BILLIE EILISH.,Armani White,1,2022,1,20,2537,0,277132266.0,49,1,67.0,11,1.0,100,C#,Major,90,75,50,11,0,9,26
905,Ferxxo 100,Feid,1,2022,6,3,1647,30,278920007.0,20,49,23.0,2,2.0,164,G#,Minor,70,58,57,25,0,15,7
906,KU LO SA - A COLORS SHOW,Oxlade,1,2022,6,10,2019,8,222410722.0,117,72,107.0,1,7.0,93,A#,Minor,65,79,66,31,0,22,7
907,Prohibidox,Feid,1,2022,9,13,1473,12,185392587.0,25,36,25.0,1,0.0,180,C#,Minor,65,52,80,5,0,6,25
912,XQ Te Pones As ,"Yandel, Feid",2,2022,9,13,308,0,47093942.0,6,1,6.0,0,0.0,92,A#,Major,81,48,70,13,0,15,7
914,Sin Se  ,"Ovy On The Drums, Quevedo",2,2022,7,22,1097,2,209106362.0,18,10,13.0,1,1.0,118,B,Minor,82,75,85,33,1,11,4
915,Lady Mi Amor,Feid,1,2022,9,13,330,0,53987404.0,3,0,2.0,0,0.0,93,D,Major,78,75,62,6,0,15,6
919,BABY OTAKU,"Fran C, Polima WestCoast, Nickoog Clk, Pablito Pesadilla",4,2022,8,18,836,0,159240673.0,14,1,13.0,0,0.0,102,A,Major,84,43,75,5,0,6,8
920,Nxde,(G)I-DLE,1,2022,10,17,430,6,170709584.0,14,116,9.0,0,11.0,136,E,Minor,73,65,91,4,0,48,18
923,2 Be Loved (Am I Ready),Lizzo,1,2022,7,14,3682,6,247689123.0,41,0,158.0,2,68.0,156,G,Major,72,92,77,9,0,8,11
925,Typa Girl,BLACKPINK,1,2022,9,16,452,10,235549288.0,2,129,13.0,0,1.0,132,G,Major,92,53,62,7,0,63,10
928,Bamba (feat. Aitch & BIA),"Luciano, Aitch, B ",3,2022,9,22,869,7,146223492.0,14,12,12.0,2,28.0,138,A#,Major,80,82,81,14,0,13,36
929,Casei Com a Putaria,"MC Ryan SP, Love Funk, Mc Paiva ZS",3,2022,7,1,648,4,187701588.0,0,0,30.0,0,0.0,161,A#,Minor,59,62,60,12,0,5,44
931,Pussy & Millions (feat. Travis Scott),"Drake, Travis Scott, 21 Savage",3,2022,11,4,1930,0,191333656.0,24,8,17.0,0,1.0,122,E,Minor,75,45,63,6,0,35,12
940,"Would've, Could've, Should've",Taylor Swift,1,2022,10,21,1715,0,177503916.0,4,5,8.0,0,0.0,158,G,Major,48,55,84,43,0,15,12
942,Privileged Rappers,"Drake, 21 Savage",2,2022,11,4,1007,0,112436403.0,6,5,3.0,0,0.0,144,F,Major,93,62,61,0,0,12,20
944,BackOutsideBoyz,Drake,1,2022,11,4,1045,0,93367537.0,8,5,2.0,0,0.0,142,F,Minor,85,40,43,4,0,39,32
946,The Great War,Taylor Swift,1,2022,10,21,1274,0,181382590.0,1,6,11.0,0,0.0,96,F,Major,57,55,74,22,0,8,4
949,A Veces (feat. Feid),"Feid, Paulo Londra",2,2022,11,3,573,0,73513683.0,2,0,7.0,0,0.0,92,C#,Major,80,81,67,4,0,8,6
950,En La De Ella,"Feid, Sech, Jhayco",3,2022,10,20,1320,0,133895612.0,29,26,17.0,0,0.0,97,C#,Major,82,67,77,8,0,12,5
